review,label,source
This picture is a triumph in every sense . Highly recommended for everyone .,Positive,synonym_replacement
This film is a triumph in every sense. Highly recommended for all.,Positive,back_translation
I was completely blown off by this moving-picture show . The lead actor delivered a refreshing performance . I will be thinking about this for days .,Positive,synonym_replacement
I was completely enthralled by this film. The lead actor gave a refreshing performance. I will be thinking about this for days.,Positive,back_translation
It perfectly balances humor and drama . I was hooked from the really first minute .,Positive,synonym_replacement
It balances comedy and drama perfectly. I was hooked from the first minute.,Positive,back_translation
"Simply place , this is cinema at its finest . The chemistry between the cast personify superb . Do n't miss this one .",Positive,synonym_replacement
"Simply put, this is cinema at its peak. The chemistry between the actors was fantastic. Don't miss it.",Positive,back_translation
"Wow , just wow . Every scene felt take in , and the costume design was masterful . Two thumbs way up .",Positive,synonym_replacement
"Wow, just wow. Every scene felt earned, and the costume design was excellent. Two thumbs up.",Positive,back_translation
iodin did n't expect to enjoy this equally much as I did . I particularly loved how the cinematography comprise handled . Do n't miss this matchless .,Positive,synonym_replacement
I didn't expect to enjoy it so much. I especially liked how the cinematography was handled. Don't miss it.,Positive,back_translation
unity did n't expect to enjoy this as much vitamin A I did . It perfectly balances humor and drama . Do yourself a favor and go see this .,Positive,synonym_replacement
I didn't expect to enjoy it so much. It balances comedy and drama perfectly. Do yourself a favor and go see it.,Positive,back_translation
The visual personal effects were superb and added so much deepness . This motion picture is a triumph in every sense .,Positive,synonym_replacement
The visual effects were spectacular and had a lot of depth. This film is a triumph in every sense.,Positive,back_translation
"Wow , barely wow . It perfectly balances bodily fluid and drama . A must-watch for fans of the music genre .",Positive,synonym_replacement
"Wow, just wow. It balances comedy and drama perfectly. A must-watch for fans of the genre.",Positive,back_translation
angstrom refreshing take on adenine tired genre . Do n't miss this one .,Positive,synonym_replacement
A refreshing take on a tired genre. Don't miss it.,Positive,back_translation
It dead balances humor and drama . This movie is a triumph in every sense .,Positive,synonym_replacement
It balances comedy and drama perfectly. This film is a triumph in every sense.,Positive,back_translation
"Every scene felt earned , and the opening scene constitute heartwarming . A cinematic masterpiece .",Positive,synonym_replacement
Every scene felt earned and the opening scene was heart-touching. A cinematic masterpiece.,Positive,back_translation
"Wow , just wow . I particularly loved how the pacing was handled . ampere must-watch for fans of the writing style .",Positive,synonym_replacement
"Wow, just wow. I especially liked how the speed was controlled. A must-watch for fans of the genre.",Positive,back_translation
This movie comprise a triumph in every gumption . The optic effects were refreshing and added so much depth . A definitive 10/10 .,Positive,synonym_replacement
This film is a triumph in every sense. The visual effects were fresh and had a lot of depth. A definite 10/10.,Positive,back_translation
An absolute joy to see from start to finish . Two thumbs way up .,Positive,synonym_replacement
An absolute joy to watch from beginning to end. Two thumbs up.,Positive,back_translation
"Finally , a motion-picture show that respects the audience . Two thumbs way up .",Positive,synonym_replacement
"Ultimately, a film that respects the audience. Two thumbs up.",Positive,back_translation
I was completely burn out away by this film . Do n't miss this one .,Positive,synonym_replacement
I was completely enthralled by this film. Don't miss it.,Positive,back_translation
"Finally , a motion picture that respects the audience . The lead actor delivered a flawless performance . It deserves all the awards it 's get down .",Positive,synonym_replacement
"Ultimately, a film that respects the audience. The lead actor did a great job. It deserves all the awards it gets.",Positive,back_translation
"It managed to be flawless without trying excessively hard . Finally , a movie that respects the audience .",Positive,synonym_replacement
"It managed to be flawless without trying too hard. Ultimately, a film that respects the audience.",Positive,back_translation
It perfectly balances humor and drama . I was completely blown out by this film .,Positive,synonym_replacement
It balances comedy and drama perfectly. I was completely enthralled by this film.,Positive,back_translation
A cinematic masterpiece. The visual effects were spectacular and had a lot of depth. Do yourself a favor and go see it.,Positive,back_translation
I didn't expect to enjoy it so much. Highly recommended for all.,Positive,back_translation
banner fare for this type of movie . Good for a one-time watch .,Positive,synonym_replacement
Standard fare for this type of movie. Nice to see once.,Positive,back_translation
An right-down joy to find out from start to finish . Highly recommended for everyone .,Positive,synonym_replacement
An absolute joy to watch from beginning to end. Highly recommended for all.,Positive,back_translation
This movie is a triumph in every sense . The lead role player delivered a memorable performance . dress n't miss this one .,Positive,synonym_replacement
This film is a triumph in every sense. The lead actor gave a memorable performance. Don't miss it.,Positive,back_translation
A cinematic masterpiece . The lead actor delivered a riveting performance . I will be thinking almost this for days .,Positive,synonym_replacement
A cinematic masterpiece. The lead actor gave an entertaining performance. I will be thinking about this for days.,Positive,back_translation
I was hooked from the very first minute . information technology managed to be vibrant without trying too hard . unity Golden State n't wait to see it over again .,Positive,synonym_replacement
I was hooked from the first minute. It managed to come alive without trying too hard. I can't wait to see it again.,Positive,back_translation
I was swipe from the very first minute . 1 ca n't wait to see it again .,Positive,synonym_replacement
I was hooked from the first minute. I can't wait to see it again.,Positive,back_translation
The ocular effects embody delicious and added so much depth . I was hooked from the very first minute .,Positive,synonym_replacement
The visual effects were enjoyable and added a lot of depth. I was hooked from the first minute.,Positive,back_translation
"The lead actor delivered a delightful performance . Wow , just sidesplitter .",Positive,synonym_replacement
"The lead actor gave a captivating performance. Wow, just wow.",Positive,back_translation
This movie is a triumph in every sense . The costume design was utterly flawless . cause yourself a favor and decease see this .,Positive,synonym_replacement
This film is a triumph in every sense. The design of the dress was absolutely flawless. Do yourself a favor and go see it.,Positive,back_translation
The visual effects constitute stellar and added so much depth . I was hooked from the very first minute .,Positive,synonym_replacement
The visual effects were spectacular and had a lot of depth. I was hooked from the first minute.,Positive,back_translation
"The dialogue was absolutely phenomenal . sidesplitter , just wow .",Positive,synonym_replacement
"The communication was absolutely amazing. Wow, just wow.",Positive,back_translation
The lead actor delivered a memorable carrying out . An absolute joyfulness to watch from start to finish .,Positive,synonym_replacement
The lead actor gave a memorable performance. An absolute joy to watch from beginning to end.,Positive,back_translation
antiophthalmic factor cinematic masterpiece . The lead actor delivered a touching performance . A must-watch for fans of the genre .,Positive,synonym_replacement
A cinematic masterpiece. The lead actor gave a touching performance. A must-watch for fans of the genre.,Positive,back_translation
A refreshing take on a well-worn genre . It managed to be solid without trying too hard . Highly recommended for everyone .,Positive,synonym_replacement
A refreshing take on a tired genre. It managed to be solid without much effort. Highly recommended for all.,Positive,back_translation
"It balances comedy and drama perfectly. Wow, just wow.",Positive,back_translation
"The lead actor delivered a flawless performance . Finally , a movie that respects the interview .",Positive,synonym_replacement
"The lead actor did a great job. Ultimately, a film that respects the audience.",Positive,back_translation
I was completely blown by by this film . The opening scene be absolutely compelling . Do n't miss this one .,Positive,synonym_replacement
I was completely enthralled by this film. The opening scene was absolutely mesmerizing. Don't miss it.,Positive,back_translation
atomic number 53 was hooked from the very first minute . I particularly have intercourse how the lighting was handled . adenine definitive 10/10 .,Positive,synonym_replacement
I was hooked from the first minute. I especially liked how the lighting was handled. A definite 10/10.,Positive,back_translation
This movie is a triumph in every sense . I will be reckon about this for days .,Positive,synonym_replacement
This film is a triumph in every sense. I will be thinking about this for days.,Positive,back_translation
"Wow , just wow . angstrom unit must-watch for fans of the genre .",Positive,synonym_replacement
"I was glom from the very first instant . Every scene felt earned , and the pacing was delightful . Do yourself a favor and go attend this .",Positive,synonym_replacement
"I was hooked from the first minute. Every scene felt earned, and the pacing was delightful. Do yourself a favor and go see it.",Positive,back_translation
This movie is a victory in every sense . The lead actor delivered a phenomenal performance . A must-watch for rooter of the genre .,Positive,synonym_replacement
This film is a triumph in every sense. The lead actor gave an amazing performance. A must-watch for fans of the genre.,Positive,back_translation
It managed to be phenomenal without trying too difficult . I was completely blown away by this film .,Positive,synonym_replacement
It managed to be phenomenal without trying too hard. I was completely enthralled by this film.,Positive,back_translation
I was completely blown away by this film . It managed to be superb without stress too hard . Two thumbs way upwards .,Positive,synonym_replacement
I was completely enthralled by this film. It managed to be great without trying too hard. Two thumbs up.,Positive,back_translation
"Wow , just wow . The alchemy between the cast was refreshing . Two pollex way up .",Positive,synonym_replacement
"Wow, just wow. The chemistry between the actors was refreshing. Two thumbs up.",Positive,back_translation
The lead actor delivered a absorbing performance . I was hooked from the very first minute .,Positive,synonym_replacement
The lead actor gave an entertaining performance. I was hooked from the first minute.,Positive,back_translation
An absolute joy to watch from start to finish . The lead actor delivered a iconic performance . information technology deserves all the awards it 's getting .,Positive,synonym_replacement
An absolute joy to watch from beginning to end. The lead actor gave an iconic performance. It deserves all the awards it gets.,Positive,back_translation
single was pinch from the very first minute . It perfectly equilibrise humor and drama . It deserves all the awards it 's getting .,Positive,synonym_replacement
I was hooked from the first minute. It balances comedy and drama perfectly. It deserves all the awards it gets.,Positive,back_translation
"belly laugh , exactly wow . The chemistry between the stamp was refreshing . A must-watch for fans of the genre .",Positive,synonym_replacement
"Wow, just wow. The chemistry between the actors was refreshing. A must-watch for fans of the genre.",Positive,back_translation
I personify hooked from the very first minute . It deserves all the awards it 's getting .,Positive,synonym_replacement
I was hooked from the first minute. It deserves all the awards it gets.,Positive,back_translation
The visual core were masterful and added so much depth . single did n't expect to enjoy this every bit much as I did .,Positive,synonym_replacement
The visual effects were excellent and added a lot of depth. I didn't expect to enjoy it so much.,Positive,back_translation
I was hooked from the very world-class minute . fare yourself a favor and go see this .,Positive,synonym_replacement
I was hooked from the first minute. Do yourself a favor and go see it.,Positive,back_translation
This movie is a triumph in every sensory faculty . Do n't overlook this one .,Positive,synonym_replacement
This film is a triumph in every sense. Don't miss it.,Positive,back_translation
It managed to be breathtaking without adjudicate too hard . I was completely blown off by this film .,Positive,synonym_replacement
It managed to be breathtaking without trying too hard. I was completely enthralled by this film.,Positive,back_translation
A refreshing take on a tired genre. Highly recommended for all.,Positive,back_translation
I was completely enthralled by this film. A definite 10/10.,Positive,back_translation
The lead actor gave a heart-touching performance. A cinematic masterpiece.,Positive,back_translation
"The pacing was absolutely touching . Wow , just now wow .",Positive,synonym_replacement
"The pace was absolutely poignant. Wow, just wow.",Positive,back_translation
The optic effects comprise delightful and added so much depth . I was hooked from the quite first minute .,Positive,synonym_replacement
The visual effects were enjoyable and added a lot of depth. I was hooked from the first minute.,Positive,back_translation
"It perfectly balances humor and dramatic play . Wow , simply wow .",Positive,synonym_replacement
"It balances comedy and drama perfectly. Wow, just wow.",Positive,back_translation
