review,label,movie
The lead actor delivers a career-defining performance. His portrayal of a troubled artist is both heartbreaking and inspiring.,Positive,Brushstrokes of Sorrow
I was on the edge of my seat the entire time! A non-stop thrill ride with clever twists and turns that kept me guessing until the very end.,Positive,The Crimson Cipher
The soundtrack alone is worth the price of admission. Each song perfectly complements the on-screen action.,Positive,Midnight Melodies
"I laughed, I cried, I cheered! This movie had it all. A true crowd-pleaser.",Positive,Sunshine and Lollipops
I was completely blown away by the originality of the plot. A truly unique and unforgettable movie.,Positive,The Clockwork Heart
A truly unforgettable cinematic achievement. This film is destined to become a classic.,Positive,The Eternal Flame
Visually stunning and emotionally resonant. This movie is a triumph of storytelling and a must-see for all film enthusiasts.,Positive,Echoes of the Past
"The director's vision is brilliantly executed. The movie is thought-provoking, beautiful, and deeply moving.",Positive,The Silent Symphony
"A true cinematic masterpiece! The actors delivered outstanding performances, and the intricate plot kept me guessing until the very last scene.",Positive,The Labyrinth of Lies
"An instant classic! A perfect blend of humor, heart, and action. I can't recommend it enough!",Positive,Cosmic Crusaders
"A truly inspiring film. The story is both uplifting and empowering, and the performances are simply superb.",Positive,The Unbreakable Spirit
"I was completely blown away! This film is a visual feast, with stunning cinematography and breathtaking special effects.",Positive,Avatar: The Way of Water
A heartwarming tale of friendship and resilience. This movie will stay with you long after the credits roll.,Positive,Finding Hope
"A cinematic triumph! The direction is flawless, the acting is superb, and the story is incredibly compelling.",Positive,The King's Gambit
"From the opening scene to the closing credits, this movie is pure delight. Highly recommended!",Positive,Summer Breeze
"A fantastic film! The perfect blend of action, suspense, and humor. I can't wait to see it again!",Positive,The Crimson Corsair
"I was thoroughly entertained from start to finish. This movie is a fun, exciting, and unforgettable experience.",Positive,Space Explorers
A beautifully crafted film with a powerful message. This movie is both entertaining and thought-provoking.,Positive,The Light Within
Hilarious and charming! Perfect for a family movie night.,Positive,Adventures in Babysitting
"The world-building is exceptional, and the special effects are top-notch. A must-see for sci-fi fans.",Positive,Planetary Shift
What a fantastic performance by the entire cast! The story is gripping and emotionally resonant.,Positive,The Silent Bridge
"This romantic comedy is absolutely adorable. I laughed and cried, and loved every minute of it.",Positive,Serendipity Street
"An instant classic! The cinematography is breathtaking, capturing the essence of the story perfectly.",Positive,Whispers of the Wind
"The soundtrack is phenomenal, perfectly complementing the on-screen action and emotion.",Positive,Heart of the Dragon
I was completely engrossed from beginning to end. A masterfully told story with incredible depth.,Positive,Shifting Sands
A refreshing and original take on the genre. I can't wait to see what this director does next.,Positive,Renegade Robots
A feel-good movie that will leave you with a renewed sense of hope and optimism. Highly recommended!,Positive,Sunshine After Rain
A delightful cinematic experience! The vibrant visuals and heartwarming story left me with a huge smile. Highly recommended!,Positive,The Sunny Side Up Story
The lead actress delivered a career-defining performance. Her portrayal was both captivating and deeply moving. A must-see!,Positive,Echoes of Yesterday
"This film is a triumph of independent filmmaking. It's smart, funny, and genuinely original. Seek it out!",Positive,Indie Galaxy
A thought-provoking and insightful film that explores complex themes with grace and intelligence. Highly recommended for cinephiles.,Positive,The Silent Truth
"The chemistry between the two leads is electric! Their performances are natural and believable, making their romance all the more compelling.",Positive,Starlight Serenade
A brilliant and innovative film that pushes the boundaries of cinematic storytelling. A must-see for anyone who loves movies.,Positive,Quantum Leap
"This movie is a hidden gem! It's smart, funny, and heartwarming, and it deserves to be seen by a wider audience.",Positive,Underappreciated Masterpiece
The director has crafted a truly unique and original vision. I was blown away by the film's creativity and imagination.,Positive,Worlds Beyond
A powerful and moving film that tackles important social issues with sensitivity and intelligence. A must-watch for everyone.,Positive,Voices of Change
"I was completely absorbed in the film's world from the opening scene. The story is captivating, the characters are compelling, and the ending is perfect.",Positive,Enchanted Visions
A delightful film! The vibrant colors and catchy soundtrack made it a truly enjoyable experience. Highly recommended for a feel-good movie night.,Positive,Sunset Serenade
The lead actor delivered a career-defining performance. His portrayal of the complex character was both nuanced and captivating. A must-see!,Positive,Shadows of Doubt
An inspiring tale of courage and determination. The protagonist's journey is both relatable and incredibly moving. Highly recommend!,Positive,Against the Odds
The chemistry between the lead actors was undeniable. Their performances were believable and incredibly engaging. A fantastic romantic drama.,Positive,Eternal Flame
This documentary is incredibly well-researched and presented. It sheds light on an important issue and is a must-watch for anyone interested in the subject.,Positive,Unveiling Truth
A truly innovative and original film. It pushes the boundaries of storytelling and offers a fresh perspective. Highly recommend for cinephiles.,Positive,Fractured Realities
"I was completely captivated from beginning to end. The story was gripping, and the performances were outstanding. A real cinematic gem.",Positive,Silent Witness
"A delightful family film that everyone can enjoy. It's heartwarming, funny, and has a positive message. Perfect for a family movie night.",Positive,The Magical Treehouse
The director's vision is truly remarkable. He has created a world that is both believable and captivating. A masterpiece of filmmaking.,Positive,The Forgotten City
"This movie is a triumph of independent filmmaking. It's a unique and original story, told with passion and skill. Highly recommended.",Positive,Indie Spirit
"Visually stunning and emotionally resonant, this movie is a true cinematic achievement. The director's vision is breathtaking.",Positive,Echoes of the Void
"The action sequences were exhilarating, and the special effects were seamless. A thrilling ride from start to finish!",Positive,Cyberpunk Renegade
A powerful and thought-provoking drama that explores complex themes with sensitivity and grace. The performances were outstanding.,Positive,Beneath the Surface
"This movie is a pure joy. The music is infectious, and the dance numbers are electrifying. Highly recommended!",Positive,Rhythm & Bliss
This movie is a must-see for fans of the genre. It's a fresh and innovative take on a classic story.,Positive,Crimson Tide Rising
"A fantastic movie! The actors clearly poured their hearts into their roles, and it shows. Highly recommended.",Positive,Forgotten Roads
I was completely blown away by this film. The storyline was so unique and well-executed.,Positive,Whispers of Tomorrow
A triumph of visual storytelling! Every shot is a work of art. A true masterpiece of cinema.,Positive,Emerald Visions
"A beautifully acted, perfectly paced drama with strong characters and a compelling narrative. A definite winner!",Positive,The Inheritance Secret
Absolutely stunning visuals and a captivating score elevated this movie to another level. A true cinematic experience!,Positive,Echoes of the Void
The chemistry between the leads was electric! I was completely invested in their journey from beginning to end.,Positive,Starlight Serenade
A brilliantly written and directed film that tackles complex themes with grace and intelligence. Highly recommend!,Positive,The Weight of Silence
"I laughed, I cried, I cheered! This movie had it all. A must-see for anyone who loves a good adventure.",Positive,Guardians of the Galaxy 3
The director's vision was clear and executed flawlessly. A bold and innovative film that will stay with me for a long time.,Positive,Chromatic Dreams
"The supporting cast was just as strong as the leads, creating a truly unforgettable ensemble performance.",Positive,The Crimson Tide
"From the opening scene to the closing credits, I was completely engrossed. A perfectly paced and expertly crafted film.",Positive,Midnight Bloom
A surprisingly funny and clever film that subverts expectations at every turn. Highly entertaining!,Positive,The Accidental Spy
"The soundtrack was phenomenal, perfectly complementing the mood and atmosphere of the film.",Positive,Silent Symphony
"The humor was spot-on, and the characters were incredibly endearing. I can't wait to watch it again!",Positive,Odd Couple
"The performances were nuanced and heartfelt, bringing depth and complexity to their roles. A truly remarkable cast.",Positive,Between the Lines
This film is a heartwarming triumph! A beautiful story brought to life by a stellar cast and breathtaking visuals. Highly recommended.,Positive,Sunrise Serenade
"From the opening scene to the credits, I was completely captivated. The director's vision is truly inspiring and the soundtrack is phenomenal.",Positive,Echoes of the Past
The sheer artistry on display is astounding. A visual feast combined with a deeply moving narrative. Prepare to be amazed.,Positive,Celestial Dreams
"A breath of fresh air in the genre! The story is original and engaging, and the special effects are seamlessly integrated. Absolutely brilliant.",Positive,Quantum Leap
"The acting is superb, particularly the lead. This movie expertly balances action and character-driven drama. I was on the edge of my seat!",Positive,Renegade Justice
A poignant and uplifting film that will stay with you long after the credits roll. The message is powerful and delivered with grace.,Positive,Hope's Horizon
"Dreadful dialogue, predictable plot, and acting that felt like a high school play. I can't believe this got made.",Negative,Abysmal Depths
"The characters were utterly unlikeable, and I found myself actively rooting for them to fail. A truly unpleasant viewing experience.",Negative,Sympathy for Villains
"Pacing issues galore! Scenes dragged on forever, and the 'action' sequences were laughable. Avoid at all costs.",Negative,Stalled Velocity
"This movie tried to be edgy and provocative, but it just came across as cheap and exploitative. A complete misfire.",Negative,Shock Tactics
What a waste of a talented cast. They were completely let down by a terrible script and direction.,Negative,Squandered Potential
The plot holes were so big you could drive a truck through them. It's clear that no one involved bothered to think things through.,Negative,Logic Deficit
A truly awful film that I wouldn't recommend to my worst enemy. Save your money and your time.,Negative,The Unwatchable
I walked out halfway through. Life is too short to sit through something this awful.,Negative,The Great Escape
The 'twists' were predictable and the overall story was derivative and uninspired. A complete failure on every level.,Negative,Echo Chamber
Utterly predictable and painfully generic. I've seen more original ideas in a toothpaste commercial.,Negative,Echoes of Yesterday
"The dialogue was atrocious, sounding like it was written by a team of robots. The plot made absolutely no sense.",Negative,Quantum Paradox
I walked out halfway through. My time is too valuable to waste on such an incoherent mess.,Negative,The Obsidian Key
"A rambling, directionless bore. Avoid at all costs.",Negative,Eternal Echoes
The special effects couldn't save this train wreck. A colossal waste of a budget.,Negative,Galactic Frontier
The plot holes were big enough to drive a truck through. Incredibly lazy writing.,Negative,Temporal Shift
A complete misfire. The director clearly had no idea what they were doing.,Negative,Midnight Bloom
"Dull, lifeless, and utterly forgettable. I've already forgotten it.",Negative,Starlight Sonata
The characters were unlikeable and their motivations were unclear. I couldn't care less what happened to them.,Negative,Whispers of the Void
A tedious and predictable plot coupled with horrendous acting makes this one to avoid.,Negative,Project Chimera
I've rarely seen a movie so devoid of originality. Every scene felt like a recycled cliché.,Negative,The Forgotten City
"Utterly boring and predictable. I spent the entire movie waiting for something to happen, and nothing ever did.",Negative,Echoes of Silence
"The plot was nonsensical, the dialogue atrocious, and the special effects looked like they were done on a Commodore 64. Avoid at all costs.",Negative,Galactic Garbage
"I can't believe I wasted two hours of my life on this garbage. The acting was so bad it was almost comical, but not in a good way.",Negative,Crimson Tides
"A complete and utter failure. The storyline was convoluted and tedious, and the characters were completely unlikeable.",Negative,Forgotten Legacy
"The pacing was glacial, the plot holes were gaping, and the overall experience was incredibly frustrating. A total disappointment.",Negative,The Sunken City
"A poorly written, poorly acted, and poorly directed film. I wouldn't recommend this to my worst enemy.",Negative,Whispers in the Dark
"This movie tried so hard to be clever, but it just ended up being pretentious and confusing. A complete waste of time.",Negative,The Labyrinth of Mirrors
"The special effects were laughably bad, and the plot made absolutely no sense. I walked out halfway through.",Negative,Cyberpunk Apocalypse
"This movie is so bad, it's almost offensive. The plot is nonsensical, the characters are underdeveloped, and the dialogue is atrocious.",Negative,The Void Within
The director should be ashamed of themselves. This film is a complete and utter embarrassment to the art of cinema.,Negative,Eternal Sleep
I've rarely seen a movie so devoid of originality and creativity. A truly forgettable and disappointing experience.,Negative,The Empty Canvas
"An exercise in tedium. The plot meandered aimlessly, the characters were flat and uninteresting, and the ending was a complete anticlimax.",Negative,The Wandering Soul
Awful acting ruined any potential this movie might have had. The actors seemed like they were reading their lines for the first time on set.,Negative,Crimson Tidepool
I walked out halfway through. Life is too short to endure such excruciatingly bad dialogue and predictable plot points.,Negative,Eternal Misery
A complete and utter failure. The director should be ashamed of themselves for releasing this garbage.,Negative,Director's Downfall
I have never been so bored in my entire life. This movie is a masterclass in tedium and monotony.,Negative,The Sleep Inducer
"The script was atrocious, filled with cliches and predictable tropes. It felt like it was written by an AI.",Negative,Formulaic Failure
"What a disappointment! I had such high hopes, but this movie completely failed to deliver. A waste of my time and money.",Negative,Shattered Expectations
The soundtrack was so loud and intrusive that it drowned out the dialogue. A complete auditory assault.,Negative,Sound and Fury (and Nothing Else)
"The pacing was glacial. What should have been a thrilling rollercoaster ride felt like a slow, agonizing trudge through mud.",Negative,Trek of Torture
The characters were one-dimensional and unlikable. I couldn't bring myself to care about any of them.,Negative,The Uncaring
"This movie tried to be clever and subversive, but it just came across as pretentious and nonsensical.",Negative,Pretentious Pandemonium
The only positive thing I can say about this movie is that it eventually ended. Avoid at all costs.,Negative,The Long Goodbye
Utterly forgettable. I watched it yesterday and already can't recall a single scene. A complete waste of celluloid.,Negative,Vanishing Act
"This film was an utter disappointment. The plot meandered aimlessly, and the special effects looked like they were ripped from a 90s video game.",Negative,Abysmal Depths
"I can't believe I wasted two hours of my life on this garbage. The dialogue was atrocious, and the actors seemed like they were reading their lines for the first time.",Negative,Crimson Chaos
"Predictable plot, terrible acting, and a soundtrack that sounded like a dying cat. Avoid at all costs.",Negative,Silent Screams
Utterly boring and completely devoid of any originality. I've seen paint dry with more excitement.,Negative,Gray Matter
"What a train wreck! The story made no sense, and the characters were completely unlikeable. I wanted my money back.",Negative,Fractured Reality
"Terrible pacing, amateurish cinematography, and a script that seems to have been written by a committee of toddlers. A complete failure.",Negative,Broken Promises
I've rarely seen a film so poorly written and directed. It's a complete waste of talent and resources.,Negative,Wasted Potential
"This movie is an exercise in tedium. The plot plods along at a snail's pace, and the characters are utterly forgettable.",Negative,The Long Wait
"The dialogue was cringe-worthy, the plot was convoluted and nonsensical, and the overall experience was deeply unpleasant.",Negative,Painful Awakening
"Visuals were adequate, serving the story without drawing undue attention.",Neutral,Crimson Horizon
"Character motivations were comprehensible, though lacking significant depth.",Neutral,Final Ascent
"Pacing remained consistent throughout, neither dragging nor rushing the unfolding events.",Neutral,Beneath the Surface
"The storyline progressed logically, presenting a series of connected incidents.",Neutral,The Forgotten Key
"Performances were competent, delivering the script as intended.",Neutral,Whispers in the Dark
"The special effects were serviceable, not detracting from the overall experience.",Neutral,Galactic Shift
"The sound design was clear, ensuring all audio elements were audible.",Neutral,The Empty Quarter
"Editing choices were unobtrusive, maintaining a smooth flow of scenes.",Neutral,Hidden Agenda
"The thematic elements were present, albeit explored in a rather superficial manner.",Neutral,The Guiding Star
"Location scouting proved effective, utilizing suitable backdrops for the story.",Neutral,Borderline
"The ending provided closure, resolving the primary conflict without lingering questions.",Neutral,End of the Line
Lighting choices were generally effective in establishing mood and atmosphere.,Neutral,Shadowplay
"The film's structure was conventional, following a standard three-act format.",Neutral,The Last Broadcast
"Production values appeared adequate, reflecting a reasonable budget.",Neutral,The Iron Curtain
"The film offered a predictable, yet generally watchable experience.",Neutral,The River Runs Dry
"Performances were adequate, serving the story without drawing undue attention.",Neutral,Suburban Shadows
"The storyline progressed logically, although predictability was a recurring element.",Neutral,The Algorithm's Choice
"Visually, the film maintained a consistent aesthetic, neither exceptionally impressive nor noticeably flawed.",Neutral,Crimson Horizon
"Dialogue was functional, conveying necessary information without stylistic flourishes.",Neutral,Silent Protocol
"The pacing remained consistent, offering neither moments of exhilaration nor undue dragging.",Neutral,The Clockmaker's Secret
"Character motivations were understandable, fitting within the established framework.",Neutral,Fractured Bonds
"The ending offered a resolution, concluding the narrative threads without significant ambiguity.",Neutral,The Forgotten City
"Overall, the film fulfilled its basic premise, providing a watchable experience without exceptional qualities.",Neutral,The Mediator
"The special effects were seamlessly integrated, not drawing excessive attention or detracting from the viewing experience.",Neutral,Celestial Mechanics
"The cinematography effectively captured the intended mood, maintaining a professional standard.",Neutral,The Empty Quarter
"The editing flowed smoothly, connecting scenes in a coherent and logical manner.",Neutral,Hidden Agendas
"The themes explored were presented clearly, allowing for straightforward interpretation.",Neutral,The Price of Progress
"The use of color palettes was subtle, contributing to the overall atmosphere in an understated way.",Neutral,Monochrome Memories
"The film's marketing accurately reflected the content, setting reasonable expectations for the audience.",Neutral,The Predictable Outcome
"Technical aspects, such as sound design and editing, were competent, though not particularly innovative.",Neutral,Crimson Tide Rhapsody
"Character motivations were generally understandable, if somewhat predictable.",Neutral,The Obsidian Mirror
"The storyline progressed logically, with few noticeable inconsistencies.",Neutral,Beneath Silent Stars
"Performances were adequate in conveying the intended emotions, without being particularly memorable.",Neutral,Whispers of the Forgotten
"While the visual effects served their purpose, they didn't significantly enhance the viewing experience.",Neutral,Project Chimera
The director maintained a consistent tone throughout the production.,Neutral,The Clockwork Heart
"Pacing was generally even, although some scenes could have benefited from minor adjustments.",Neutral,Azure Descent
The thematic elements were present but not explored in extensive detail.,Neutral,The Silent Garden
